Workbook

Sheet Testing Foil Defintion 
A1: Span | B1: Chord | C1: Area | D1: Foil Profile
A2: 0.6 | B2: 0.2 | C2: =A2*B2 -> 0.12 | D2: S1223

Sheet Testing Results
A1: Angle of Attack [Degrees] | B1: Flow Speed [ms^-1] | C1: Reynold Number | D1: Fx [N] | E1: Fy [N] | F1: Fl [N] | G1: Fd [N] | H1: Cl | I1: Cd | K1: Flow Speed [ms^-1] | L1: Reynolds Number | M1: Fx [N] | N1: Fy [N] | O1: Fl [N] | P1: Fd [N] | Q1: Cl | R1: Cd
A2: -10 | B2: 30 | C2: =(1.225*B2*'Testing Foil Defintion '!$B$2)/'Testing Results'!$B$18 -> 612500 | K2: 0 | L2: =(1.225*K2*'Testing Foil Defintion '!$B$2)/'Testing Results'!$B$18 -> 0
A3: =A2+2 -> -8 | B3: 30 | C3: =(1.225*B3*'Testing Foil Defintion '!$B$2)/'Testing Results'!$B$18 -> 612500 | K3: =K2+10 -> 10 | L3: =(1.225*K3*'Testing Foil Defintion '!$B$2)/'Testing Results'!$B$18 -> 204166.67
A4: =A3+2 -> -6 | B4: 30 | C4: =(1.225*B4*'Testing Foil Defintion '!$B$2)/'Testing Results'!$B$18 -> 612500 | K4: =K3+10 -> 20 | L4: =(1.225*K4*'Testing Foil Defintion '!$B$2)/'Testing Results'!$B$18 -> 408333.33
A5: =A4+2 -> -4 | B5: 30 | C5: =(1.225*B5*'Testing Foil Defintion '!$B$2)/'Testing Results'!$B$18 -> 612500 | K5: =K4+10 -> 30 | L5: =(1.225*K5*'Testing Foil Defintion '!$B$2)/'Testing Results'!$B$18 -> 612500
A6: =A5+2 -> -2 | B6: 30 | C6: =(1.225*B6*'Testing Foil Defintion '!$B$2)/'Testing Results'!$B$18 -> 612500 | K6: =K5+10 -> 40 | L6: =(1.225*K6*'Testing Foil Defintion '!$B$2)/'Testing Results'!$B$18 -> 816666.67
A7: =A6+2 -> 0 | B7: 30 | C7: =(1.225*B7*'Testing Foil Defintion '!$B$2)/'Testing Results'!$B$18 -> 612500 | K7: =K6+10 -> 50 | L7: =(1.225*K7*'Testing Foil Defintion '!$B$2)/'Testing Results'!$B$18 -> 1020833.3
A8: =A7+2 -> 2 | B8: 30 | C8: =(1.225*B8*'Testing Foil Defintion '!$B$2)/'Testing Results'!$B$18 -> 612500
A9: =A8+2 -> 4 | B9: 30 | C9: =(1.225*B9*'Testing Foil Defintion '!$B$2)/'Testing Results'!$B$18 -> 612500
A10: =A9+2 -> 6 | B10: 30 | C10: =(1.225*B10*'Testing Foil Defintion '!$B$2)/'Testing Results'!$B$18 -> 612500
A11: =A10+2 -> 8 | B11: 30 | C11: =(1.225*B11*'Testing Foil Defintion '!$B$2)/'Testing Results'!$B$18 -> 612500
A12: =A11+2 -> 10 | B12: 30 | C12: =(1.225*B12*'Testing Foil Defintion '!$B$2)/'Testing Results'!$B$18 -> 612500
A14: Air Conditions
A15: Temperature [Rankine] | B15: 278
A16: Dynamic Viscosity | B16: =
B18: 1.2e-05
